{"stats":{"minecraft:custom":{"minecraft:jump":55,"minecraft:time_since_rest":6965,"minecraft:leave_game":4,"minecraft:crouch_one_cm":338,"minecraft:play_time":13655,"minecraft:sprint_one_cm":4150,"minecraft:time_since_death":13655,"minecraft:walk_one_cm":5181,"minecraft:sleep_in_bed":1,"minecraft:sneak_time":103,"minecraft:total_world_time":13655,"minecraft:fall_one_cm":1161,"minecraft:fly_one_cm":9262},"minecraft:picked_up":{"minecraft:dirt":12},"minecraft:used":{"minecraft:dirt":12,"minecraft:dirt_path":1},"minecraft:mined":{"minecraft:grass":1,"minecraft:grass_block":5,"minecraft:dirt_path":2,"minecraft:dirt":5}},"DataVersion":3578}